rank,opportunity,first_observed_market,evidence_summary,evidence_urls,transferability,coverage_status,recommended_action,confidence,risks,final_score,transfer_score
1,Integrated filter-flask hydration,US,CH search interest is flat while US/UK/KR accelerate (1.7x) and EU availability via Bergfreunde signals an open transfer window before competitors localize.,https://reddit.com/r/Ultralight; https://reddit.com/r/trailrunning; https://trends.google.com/trends/explore?q=filter%20flask&geo=CH; https://trends.google.com/trends/explore?q=filter%20flask&geo=GB; https://trends.google.com/trends/explore?q=filter%20flask&geo=KR; https://trends.google.com/trends/explore?q=filter%20flask&geo=US; https://www.bergfreunde.de/filter-flask/; https://www.rei.com/search?q=filter%20flask,"Strong DACH fit given alpine hut-and-stream water culture, with EU stock already proving regulatory and taste compatibility.",absent,Test-buy 2-3 SKUs (filter-in-cap soft flasks) for a focused trail-running pilot ahead of spring 2026 season.,high,Filter media lifespan and CH water-quality skepticism may dampen perceived need versus simple soft flasks.,0.776,80.0
2,Single-vessel water filtration,US,Local r/SwissHiking water-source questions plus US one-bottle momentum indicate latent CH day-hiker demand that is currently unserved.,https://reddit.com/r/SwissHiking; https://reddit.com/r/Ultralight; https://trends.google.com/trends/explore?q=filter%20bottle&geo=US; https://www.rei.com,"High relevance to CH hut-culture hydration habits, though legitimacy rests on forums rather than elite race proof.",absent,Monitor and run a small test order tied to the filter-flask pilot to share fulfillment and learnings.,high,Overlap with filter-flask category could cannibalize and confuse a thin initial assortment.,0.642,70.2
3,Smarter-light minimal-frame packs,US,The 'smarter light' narrative is replacing stupid-light in US ultralight circles while CH lags and Transa only partially stocks the segment.,https://reddit.com/r/Ultralight; https://trends.google.com/trends/explore?q=ultralight%20framed%20pack&geo=CH; https://trends.google.com/trends/explore?q=ultralight%20framed%20pack&geo=US; https://www.bergfreunde.de; https://www.rei.com; https://www.transa.ch,"Good DACH fit with sub-1kg framed packs already available in EU, matching alpine load-carry expectations.",partially_covered,Buy to fill the partial-coverage gap with 2-3 sub-1kg framed pack SKUs differentiated from Transa's thin selection.,high,Partial competitor coverage means margin pressure and the durability-vs-weight tradeoff may deter conservative CH buyers.,0.621,75.5
4,Challenger trail-running brands,US,UTMB 2026 in nearby Chamonix will spike DACH visibility for race-proven challenger brands that still lack EU distribution.,https://reddit.com/r/trailrunning; https://trends.google.com/trends/explore?q=Mount%20to%20Coast&geo=US; https://utmb.world; https://www.rei.com,"Excellent given UTMB proximity and strong race-legitimacy markers, but no current EU distro slows readiness.",absent,Buy a curated early allocation and secure distribution agreements now to land stock before the UTMB 2026 visibility window.,high,"No EU distribution chain means lead-time, sizing, and supply-reliability risk if the brand can't fulfill.",0.596,70.5
5,PFAS-free repairable shells,DE,EU PFAS regulation and rising CH interest are pulling repairable PFAS-free membranes into mainstream demand while local coverage stays partial.,https://reddit.com/r/Ultralight; https://trends.google.com/trends/explore?q=PFAS%20free%20jacket&geo=CH; https://trends.google.com/trends/explore?q=PFAS%20free%20jacket&geo=DE; https://www.bergfreunde.de; https://www.transa.ch,"Very strong given DACH sustainability values and regulatory tailwinds, with EU assortment already established.",partially_covered,Buy to expand the PFAS-free shell range and pair with a repair-program offer to meet regulation-driven demand.,high,PFAS-free membrane performance perceptions and higher price points could slow conversion versus legacy waterproofing.,0.595,75.5
6,Carbon-plate trail shoes,US,"Already mainstream in CH (Transa, Ochsner) and still rising, with US threads now validating 50km+ durability use cases.",https://reddit.com/r/trailrunning; https://trends.google.com/trends/explore?q=carbon%20plate%20trail%20shoes&geo=CH; https://trends.google.com/trends/explore?q=carbon%20plate%20trail%20shoes&geo=US; https://www.ochsnersport.ch; https://www.rei.com/search?q=carbon%20plate%20trail; https://www.transa.ch,"Fully transferred and proven via race results, so the opportunity is range depth rather than category entry.",partially_covered,Monitor and selectively buy durability-focused newer models rather than expanding an already-covered core.,low,Low coverage gap means limited differentiation and persistent durability/longevity concerns at high price points.,0.55,77.2
7,Women's gravel & trail gear,US,DACH women's gravel/cycling viewership up ~30% YoY signals growing demand for women-specific trail gear.,https://trends.google.com/trends/explore?q=womens%20gravel&geo=US; https://www.uci.org,Reasonable DACH relevance via viewership but zero commercial proof and only indirect legitimacy markers.,unknown,Monitor and scope a small women's-specific test assortment if existing women's lines show conversion signals.,medium,Viewership growth may not convert to gear purchases and women's-specific SKUs risk sizing/inventory complexity.,0.229,53.8
8,Kids' trail & hiking footwear,US,US family-outdoor participation growth flags kids' technical footwear as an underserved segment.,https://trends.google.com/trends/explore?q=kids%20trail%20shoes&geo=US; https://www.npd.com,Moderate; family hiking is strong in CH but signal is US-only with no commercial proof or race legitimacy.,unknown,Monitor and validate with local CH family-hiking demand data before any buy.,medium,"US segment trend may not map to CH, and kids' footwear has fast size turnover and margin pressure.",0.189,46.2
9,Trail nutrition & energy products,US,"A surge in US endurance protein/gel startups is spilling into outdoor checkout, hinting at attachment-sale potential.",https://trends.google.com/trends/explore?q=trail%20nutrition&geo=US; https://www.crunchbase.com,Weak-to-moderate for CH; US-startup-led with no local proof and EU food-import/labeling friction.,unknown,Monitor and consider a checkout-adjacent test of established EU-compliant nutrition brands only.,medium,"EU food regulation, short shelf life, and low margins make this a complex non-core category.",0.188,44.2
10,Technical-aesthetic apparel (gorpcore),KR,"Gorpcore dominates KR/CN street style with a historical ~12-18mo diffusion to DACH, suggesting an early-positioning window.",https://trends.google.com/trends/explore?q=gorpcore&geo=KR; https://www.voguebusiness.com,Moderate and lagged; style-led with no commercial proof and weak on functional legitimacy markers for a gear retailer.,unknown,Monitor KR/CN diffusion signals and revisit in 6-9 months before committing assortment.,medium,Fashion-driven trend may not diffuse to functional CH buyers and carries inventory-obsolescence risk.,0.187,41.0
