source_type,source,market,created_by_tool,keyword,signal_name,category,brand,url,notes,observed_at,signal_score,velocity,opportunity_id,signal_type,momentum,rank,signal_flavor,collab_partner,price_tier
community_forum,r/Ultralight,US,alpine-signal-radar,integrated filter flask,Integrated filter-flask hydration,trail_running,Katadyn BeFree / Salomon,https://reddit.com/r/Ultralight,"12 rising threads: 'fewer parts', filter-in-cap soft flasks",2026-06-19,0.8,0.8,integrated-filter-flask-hydration,social,,,,,
community_forum,r/trailrunning,US,alpine-signal-radar,integrated filter flask,Integrated filter-flask hydration,trail_running,,https://reddit.com/r/trailrunning,race-day single-vessel debate accelerating,2026-06-19,0.7,0.62,integrated-filter-flask-hydration,social,,,,,
community_forum,r/trailrunning,US,alpine-signal-radar,carbon plate durability,Carbon-plate trail shoes,trail_running,,https://reddit.com/r/trailrunning,durability + 50km+ use threads,2026-06-19,0.6,0.38,carbon-plate-trail-shoes,social,,,,,
community_forum,r/trailrunning,US,alpine-signal-radar,Mount to Coast,Challenger trail-running brands,trail_running,Mount to Coast,https://reddit.com/r/trailrunning,"race-proven challenger, no EU distro yet",2026-06-19,0.66,0.55,challenger-trail-running-brands,social,,,,,
community_forum,r/Ultralight,US,alpine-signal-radar,smarter light framed pack,Smarter-light minimal-frame packs,day_hiking,Hyperlite / ULA,https://reddit.com/r/Ultralight,'smarter light' narrative replacing stupid-light,2026-06-19,0.72,0.6,smarter-light-minimal-frame-packs,social,,,,,
community_forum,r/Ultralight,US,alpine-signal-radar,PFAS-free membrane,PFAS-free repairable shells,day_hiking,,https://reddit.com/r/Ultralight,repair programs + PFAS-free membrane threads,2026-06-19,0.55,0.42,pfas-free-repairable-shells,social,,,,,
community_forum,r/Ultralight,US,alpine-signal-radar,single vessel filtration,Single-vessel water filtration,day_hiking,,https://reddit.com/r/Ultralight,one-bottle setups gaining,2026-06-19,0.6,0.5,single-vessel-water-filtration,social,,,,,
community_forum,r/SwissHiking,CH,alpine-signal-radar,hut trip water,Single-vessel water filtration,day_hiking,,https://reddit.com/r/SwissHiking,CH hut-culture water questions (local vocabulary),2026-06-19,0.45,0.3,single-vessel-water-filtration,social,,,,,
community_forum,r/trailrunning,US,alpine-signal-radar,influencer trail collab,Influencer trail-apparel collab,trail_running,,https://reddit.com/r/trailrunning,"influencer collab hype, no race/gear-review proof",2026-06-19,0.3,0.22,influencer-trail-apparel-collab,social,0.22,,,,
community_forum,r/Ultralight,US,alpine-signal-radar,bladder vs soft flask,Hydration bladder packs,trail_running,,https://reddit.com/r/Ultralight,threads shifting away from bladders toward soft flasks / filter-in-cap,2026-06-19,0.45,0.4,hydration-bladder-packs,social,-0.4,,,,
community_forum,r/trailrunning,US,alpine-signal-radar,stack height too much,Maximalist stack-height shoes,trail_running,,https://reddit.com/r/trailrunning,growing 'back to lower stack / ground feel' sentiment,2026-06-19,0.45,0.3,maximalist-stack-height-shoes,social,-0.3,,,,
community_forum,r/Ultralight,US,alpine-signal-radar,PFAS membrane phase out,Legacy PFAS membrane hardshells,day_hiking,,https://reddit.com/r/Ultralight,users actively avoiding legacy PFAS membranes,2026-06-19,0.4,0.25,legacy-pfas-membrane-hardshells,social,-0.25,,,,
competitor_assortment,REI,US,alpine-signal-radar,integrated filter flask,Integrated filter-flask hydration,trail_running,Katadyn / Salomon,https://www.rei.com/search?q=filter%20flask,bestseller-rank hydration; in stock,2026-06-19,0.85,,integrated-filter-flask-hydration,competitor,,3.0,,,
competitor_assortment,Bergfreunde,DE,alpine-signal-radar,integrated filter flask,Integrated filter-flask hydration,trail_running,Katadyn,https://www.bergfreunde.de/filter-flask/,EU availability = closer to CH taste,2026-06-19,0.7,,integrated-filter-flask-hydration,competitor,,7.0,,,
competitor_assortment,REI,US,alpine-signal-radar,carbon plate trail shoes,Carbon-plate trail shoes,trail_running,Hoka Mafate X,https://www.rei.com/search?q=carbon%20plate%20trail,category leader,2026-06-19,0.8,,carbon-plate-trail-shoes,competitor,,2.0,,,
competitor_assortment,Transa,CH,alpine-signal-radar,carbon plate trail shoes,Carbon-plate trail shoes,trail_running,Hoka / Saucony,https://www.transa.ch,already stocked at Transa,2026-06-19,0.6,,carbon-plate-trail-shoes,competitor,,,,,
competitor_assortment,Ochsner Sport,CH,alpine-signal-radar,carbon plate trail shoes,Carbon-plate trail shoes,trail_running,Hoka,https://www.ochsnersport.ch,mainstream adoption at Ochsner,2026-06-19,0.5,,carbon-plate-trail-shoes,competitor,,,,,
competitor_assortment,REI,US,alpine-signal-radar,challenger trail brands,Challenger trail-running brands,trail_running,Norda / Mount to Coast,https://www.rei.com,stocked at REI; absent in CH,2026-06-19,0.6,,challenger-trail-running-brands,competitor,,12.0,,,
competitor_assortment,REI,US,alpine-signal-radar,minimal frame backpack,Smarter-light minimal-frame packs,day_hiking,Osprey / Hyperlite,https://www.rei.com,sub-1kg framed packs,2026-06-19,0.7,,smarter-light-minimal-frame-packs,competitor,,5.0,,,
competitor_assortment,Bergfreunde,DE,alpine-signal-radar,minimal frame backpack,Smarter-light minimal-frame packs,day_hiking,Osprey,https://www.bergfreunde.de,EU availability,2026-06-19,0.6,,smarter-light-minimal-frame-packs,competitor,,,,,
competitor_assortment,Transa,CH,alpine-signal-radar,minimal frame backpack,Smarter-light minimal-frame packs,day_hiking,Osprey,https://www.transa.ch,thin/partial selection at Transa,2026-06-19,0.4,,smarter-light-minimal-frame-packs,competitor,,,,,
competitor_assortment,Bergfreunde,DE,alpine-signal-radar,PFAS-free shell,PFAS-free repairable shells,day_hiking,Patagonia / Arc'teryx / Fjällräven,https://www.bergfreunde.de,EU sustainability assortment; Arc'teryx leading PFAS-free shells,2026-06-19,0.6,,pfas-free-repairable-shells,competitor,,9.0,,,
competitor_assortment,Transa,CH,alpine-signal-radar,PFAS-free shell,PFAS-free repairable shells,day_hiking,Patagonia,https://www.transa.ch,partial PFAS-free selection,2026-06-19,0.45,,pfas-free-repairable-shells,competitor,,,,,
competitor_assortment,REI,US,alpine-signal-radar,single vessel filtration,Single-vessel water filtration,day_hiking,GRAYL,https://www.rei.com,stocked at REI; absent in CH,2026-06-19,0.65,,single-vessel-water-filtration,competitor,,6.0,,,
culture_context,UCI / broadcast ratings,DACH,alpine-signal-radar,womens gravel viewership,Women's gravel & trail gear,trail_running,,https://www.uci.org,women's gravel/cycling viewership up ~30% YoY → women's gravel/trail gear demand,2026-06-19,0.6,0.5,women-s-gravel-trail-gear,web,,,viewership,,
culture_context,Crunchbase / trade press,US,alpine-signal-radar,trail nutrition startups,Trail nutrition & energy products,trail_running,,https://www.crunchbase.com,surge in endurance protein-bar / gel startups (cross-category spillover into outdoor checkout),2026-06-19,0.58,0.5,trail-nutrition-energy-products,web,,,emerging_business,,
culture_context,UTMB World Series,DACH,alpine-signal-radar,UTMB 2026,Challenger trail-running brands,trail_running,,https://utmb.world,"UTMB 2026 (Chamonix, near CH) → visibility spike for race-proven challenger brands",2026-06-19,0.55,0.6,challenger-trail-running-brands,web,,,event_anticipation,,
culture_context,Trend press (KR/CN),KR,alpine-signal-radar,gorpcore diffusion,Technical-aesthetic apparel (gorpcore),day_hiking,And Wander / Goldwin,https://www.voguebusiness.com,gorpcore/technical aesthetic dominant in KR/CN street style; historically diffuses to DACH in ~12-18mo,2026-06-19,0.7,0.62,technical-aesthetic-apparel-gorpcore,web,0.62,,geo_style_diffusion,,
culture_context,Retail segment reports,US,alpine-signal-radar,kids outdoor footwear,Kids' trail & hiking footwear,day_hiking,,https://www.npd.com,family-outdoor participation up; kids' technical footwear underserved segment,2026-06-19,0.5,0.42,kids-trail-hiking-footwear,web,,,segment_trend,,
culture_context,TikTok trend monitor,US,alpine-signal-radar,viral hydration gimmick,TikTok viral hydration gimmick,trail_running,,https://www.tiktok.com,"viral US gimmick, no EU SKU / distribution; lifestyle-only",2026-06-19,0.4,0.7,tiktok-viral-hydration-gimmick,web,,,viewership,,
luxury_runway,Vogue Runway,US,alpine-signal-radar,gorpcore technical jacket,Technical-aesthetic apparel (gorpcore),day_hiking,Salomon,https://www.vogue.com/fashion-shows,MM6×Salomon collab — functional technical-luxe; trickle bridge into mass outdoor,2026-06-19,0.8,,technical-aesthetic-apparel-gorpcore,web,0.55,,,Maison Margiela / MM6,luxury
luxury_runway,Hypebeast,US,alpine-signal-radar,gorpcore technical jacket,Technical-aesthetic apparel (gorpcore),day_hiking,Arc'teryx,https://hypebeast.com,Arc'teryx×Jil Sander — functional shell aesthetic crossing into fashion,2026-06-19,0.78,,technical-aesthetic-apparel-gorpcore,web,0.5,,,Jil Sander,luxury
luxury_runway,Hypebeast,KR,alpine-signal-radar,running shoe collab,Technical-aesthetic apparel (gorpcore),trail_running,On,https://hypebeast.com,On×Loewe performance-luxe; KR/Asia visibility,2026-06-19,0.7,,technical-aesthetic-apparel-gorpcore,web,0.45,,,Loewe,luxury
luxury_runway,Vogue Runway,US,alpine-signal-radar,Prada Linea Rossa,Technical-aesthetic apparel (gorpcore),day_hiking,Prada,https://www.vogue.com/fashion-shows,"Prada Linea Rossa technical line — functional luxe, descending price ladder",2026-06-19,0.68,,technical-aesthetic-apparel-gorpcore,web,0.4,,,,luxury
luxury_runway,Vogue Runway,US,alpine-signal-radar,embellished logo puffer,Embellished logo-mania outerwear,day_hiking,Moncler,https://www.vogue.com/fashion-shows,"Decorative runway trend, no technical/functional angle and no mass-market uptake — trickle-down unlikely",2026-06-19,0.55,,embellished-logo-mania-outerwear,web,0.3,,,,luxury
search_trends,Google Trends,US,alpine-signal-radar,integrated filter flask,Integrated filter-flask hydration,trail_running,,https://trends.google.com/trends/explore?q=filter%20flask&geo=US,"12-mo interest 85, accel 1.7x",2026-06-19,0.85,0.72,integrated-filter-flask-hydration,search,,,,,
search_trends,Google Trends,UK,alpine-signal-radar,integrated filter flask,Integrated filter-flask hydration,trail_running,,https://trends.google.com/trends/explore?q=filter%20flask&geo=GB,rising in UK,2026-06-19,0.74,0.6,integrated-filter-flask-hydration,search,,,,,
search_trends,Google Trends,KR,alpine-signal-radar,integrated filter flask,Integrated filter-flask hydration,trail_running,,https://trends.google.com/trends/explore?q=filter%20flask&geo=KR,Asia origin signal,2026-06-19,0.66,0.64,integrated-filter-flask-hydration,search,,,,,
search_trends,Google Trends,CH,alpine-signal-radar,integrated filter flask,Integrated filter-flask hydration,trail_running,,https://trends.google.com/trends/explore?q=filter%20flask&geo=CH,CH flat = transfer window open,2026-06-19,0.18,0.05,integrated-filter-flask-hydration,search,,,,,
search_trends,Google Trends,US,alpine-signal-radar,carbon plate trail shoes,Carbon-plate trail shoes,trail_running,,https://trends.google.com/trends/explore?q=carbon%20plate%20trail%20shoes&geo=US,established + still rising,2026-06-19,0.8,0.42,carbon-plate-trail-shoes,search,,,,,
search_trends,Google Trends,CH,alpine-signal-radar,carbon plate trail shoes,Carbon-plate trail shoes,trail_running,,https://trends.google.com/trends/explore?q=carbon%20plate%20trail%20shoes&geo=CH,already present in CH,2026-06-19,0.5,0.2,carbon-plate-trail-shoes,search,,,,,
search_trends,Google Trends,US,alpine-signal-radar,Mount to Coast,Challenger trail-running brands,trail_running,,https://trends.google.com/trends/explore?q=Mount%20to%20Coast&geo=US,challenger brand momentum,2026-06-19,0.58,0.55,challenger-trail-running-brands,search,,,,,
search_trends,Google Trends,US,alpine-signal-radar,minimal frame backpack,Smarter-light minimal-frame packs,day_hiking,,https://trends.google.com/trends/explore?q=ultralight%20framed%20pack&geo=US,narrative shift from stupid-light,2026-06-19,0.64,0.46,smarter-light-minimal-frame-packs,search,,,,,
search_trends,Google Trends,CH,alpine-signal-radar,minimal frame backpack,Smarter-light minimal-frame packs,day_hiking,,https://trends.google.com/trends/explore?q=ultralight%20framed%20pack&geo=CH,CH lagging,2026-06-19,0.3,0.12,smarter-light-minimal-frame-packs,search,,,,,
search_trends,Google Trends,DE,alpine-signal-radar,PFAS-free shell,PFAS-free repairable shells,day_hiking,,https://trends.google.com/trends/explore?q=PFAS%20free%20jacket&geo=DE,EU regulation-driven,2026-06-19,0.6,0.52,pfas-free-repairable-shells,search,,,,,
search_trends,Google Trends,CH,alpine-signal-radar,PFAS-free shell,PFAS-free repairable shells,day_hiking,,https://trends.google.com/trends/explore?q=PFAS%20free%20jacket&geo=CH,rising in CH too,2026-06-19,0.42,0.31,pfas-free-repairable-shells,search,,,,,
search_trends,Google Trends,US,alpine-signal-radar,single vessel water filter,Single-vessel water filtration,day_hiking,,https://trends.google.com/trends/explore?q=filter%20bottle&geo=US,links to filter-flask macro,2026-06-19,0.62,0.5,single-vessel-water-filtration,search,,,,,
search_trends,Google Trends,US,alpine-signal-radar,womens gravel gear,Women's gravel & trail gear,trail_running,,https://trends.google.com/trends/explore?q=womens%20gravel&geo=US,tracks viewership surge,2026-06-19,0.55,0.48,women-s-gravel-trail-gear,search,,,,,
search_trends,Google Trends,US,alpine-signal-radar,trail running nutrition,Trail nutrition & energy products,trail_running,,https://trends.google.com/trends/explore?q=trail%20nutrition&geo=US,cross-category spillover from endurance nutrition,2026-06-19,0.52,0.44,trail-nutrition-energy-products,search,,,,,
search_trends,Google Trends,KR,alpine-signal-radar,gorpcore technical jacket,Technical-aesthetic apparel (gorpcore),day_hiking,,https://trends.google.com/trends/explore?q=gorpcore&geo=KR,"style hot in KR/CN, diffusing west",2026-06-19,0.78,0.66,technical-aesthetic-apparel-gorpcore,search,,,,,
search_trends,Google Trends,US,alpine-signal-radar,kids trail shoes,Kids' trail & hiking footwear,day_hiking,,https://trends.google.com/trends/explore?q=kids%20trail%20shoes&geo=US,family-outdoor segment growth,2026-06-19,0.48,0.4,kids-trail-hiking-footwear,search,,,,,
search_trends,Google Trends,US,alpine-signal-radar,desert ultra vest,Desert-ultra race vest,trail_running,,https://trends.google.com/trends/explore?q=desert%20ultra%20vest&geo=US,desert-ultra niche; poor alpine fit,2026-06-19,0.55,0.4,desert-ultra-race-vest,search,0.4,,,,
search_trends,Google Trends,US,alpine-signal-radar,hydration bladder pack,Hydration bladder packs,trail_running,,https://trends.google.com/trends/explore?q=hydration%20bladder&geo=US,declining as soft-flask / filter-flask setups rise (lifecycle handoff),2026-06-19,0.5,0.35,hydration-bladder-packs,search,-0.35,,,,
search_trends,Google Trends,UK,alpine-signal-radar,hydration bladder pack,Hydration bladder packs,trail_running,,https://trends.google.com/trends/explore?q=hydration%20bladder&geo=GB,cooling in UK too,2026-06-19,0.45,0.3,hydration-bladder-packs,search,-0.3,,,,
search_trends,Google Trends,US,alpine-signal-radar,maximalist stack shoes,Maximalist stack-height shoes,trail_running,,https://trends.google.com/trends/explore?q=max%20stack%20running&geo=US,interest cooling as runners move back to moderate stack,2026-06-19,0.5,0.28,maximalist-stack-height-shoes,search,-0.28,,,,
search_trends,Google Trends,DE,alpine-signal-radar,PFAS membrane hardshell,Legacy PFAS membrane hardshells,day_hiking,,https://trends.google.com/trends/explore?q=goretex%20hardshell&geo=DE,declining in DACH as PFAS-free regulation + alternatives rise,2026-06-19,0.45,0.32,legacy-pfas-membrane-hardshells,search,-0.32,,,,
